pdb	CDR3_RMS
7tgfB	1.738
7tgfB	3.76
7tgfB	3.448
7tgfB	3.383
7tgfB	4.436
8emzB	2.192
8emzB	3.342
8emzB	2.816
8emzB	2.988
8emzB	4.073
8emzB	3.646
8emzB	5.623
8emzB	6.391
8emzB	4.93
8h3xA	3.404
8h3xA	4.494
8h3xA	5.107
8h3xA	2.42
8h3xA	2.337
8h3xA	2.468
8h3xA	2.429
8h3xA	2.78
8h3xA	3.524
8gz5B	1.02
8gz5B	2.943
8gz5B	4.011
8gz5B	4.565
8gz5B	3.368
8cwuB	2.655
8cwuB	3.503
8cwuB	3.228
8cwuB	4.075
8cwuB	3.768
7x2mB	2.249
7x2mB	2.527
7x2mB	2.331
7x2mB	2.334
7voaA	1.936
7voaA	1.74
7voaA	4.378
7voaA	3.582
7voaA	4.149
7voaA	4.175
7voaA	3.338
7voaA	3.955
7voaA	4.338
7voaA	4.331
7voaA	2.136
7voaA	4.221
7ubxC	3.534
7ubxC	0.989
7ubxC	1.595
7ubxC	5.352
7ubxC	3.921
7ubxC	9.774
7ubxC	5.071
7ubxC	3.704
7ubxC	8.1
7ubxC	5.164
7ubxC	2.979
7ubxC	6.955
7ubxC	10.424
7ubxC	5.918
7th2C	3.019
7th2C	3.288
7th2C	2.693
8en2D	1.171
8en2D	1.722
8en2D	1.929
8en2D	3.508
8en2D	2.406
8en2D	1.984
8en2D	1.363
8ew6V	3.186
8ew6V	2.262
8ew6V	3.031
8ew6V	1.983
8ew6V	1.35
8ew6V	2.945
8ew6V	1.414
8ew6V	2.987
7yz9B	4.867
7yz9B	4.215
7yz9B	4.353
7yz9B	4.951
7yz9B	4.853
7yz9B	3.285
7w1sB	1.365
7w1sB	2.772
7w1sB	1.983
7zmvG	5.686
7zmvG	6.095
7zmvG	8.551
7zmvG	5.315
7zmvG	11.132
7zmvG	9.128
7zmvG	8.895
7zmvG	1.066
7zmvG	9.101
7zmvG	9.388
7unzA	4.543
7unzA	4.904
7unzA	5.053
7unzA	5.111
7unzA	4.894
7unzA	4.373
7unzA	5.508
7unzA	5.368
7unzA	4.157
7unzA	4.383
7unzA	5.74
7unzA	5.035
7unzA	4.874
7unzA	4.895
7unzA	4.785
7unzA	2.962
7unzA	4.116
7unzA	4.237
8en3C	4.395
8en3C	2.821
8en3C	2.65
8en3C	2.018
8en3C	3.197
8en3C	5.222
7tgiB	5.862
7tgiB	5.412
7tgiB	4.832
7tgiB	1.157
7tgiB	4.497
7tgiB	2.596
7tgiB	2.665
7tgiB	2.972
7tgiB	2.458
7nxxB	2.865
7nxxB	2.562
7nxxB	2.965
7nxxB	6.206
7nxxB	4.285
7nxxB	2.793
7nxxB	3.123
8dtnE	6.274
8dtnE	5.81
8dtnE	5.619
8dtnE	5.189
8dtnE	5.956
8dtnE	5.435
8h3yE	2.811
8h3yE	0.565
8h3yE	2.117
7q6cH	3.081
7q6cH	2.088
7q6cH	3.086
7q6cH	4.273
7q6cH	2.003
7q3qB	3.216
7q3qB	2.584
7q3qB	3.149
7q3qB	0.529
7q3qB	2.716
7tprE	12.723
7tprE	2.411
7tprE	12.075
7tprE	9.938
7tprE	12.446
7tprE	12.348
7tprE	11.45
7tprE	11.091
7tprE	9.988
7tprE	6.204
7tprE	12.523
7tprE	10.817
7tprE	2.374
7tprE	11.485
7x2jB	3.129
7x2jB	3.481
7x2jB	2.528
7x2jB	2.833
7x2jB	2.455
7x2jB	4.853
7x2jB	3.39
7x2jB	4.203
7x2jB	3.223
7x2jB	4.294
7x2jB	2.41
7x2jB	4.094
7b5gD	2.923
7b5gD	2.944
7b5gD	4.643
7b5gD	1.081
7b5gD	9.693
7b5gD	5.441
7b5gD	8.862
7b5gD	7.724
7x2lB	0.784
7x2lB	2.81
7x2lB	2.779
8dtuA	5.917
8dtuA	5.836
8dtuA	5.66
8dtuA	5.804
8dtuA	4.67
8dtuA	4.09
8dtuA	5.3
8dquB	0.597
8dquB	2.972
8dquB	2.834
8dquB	3.127
7uiaB	5.706
7uiaB	5.48
7uiaB	3.805
7uiaB	4.931
7uiaB	4.736
7uiaB	6.203
7uiaB	5.585
7uiaB	5.379
7uiaB	3.485
7uiaB	4.859
7uiaB	4.648
7uiaB	3.504
7t5fF	1.309
7t5fF	2.936
7t5fF	2.636
8f8xD	8.757
8f8xD	7.419
8f8xD	7.502
8f8xD	7.452
8f8xD	8.119
8f8xD	7.099
8f8xD	7.214
7wkiB	4.285
7wkiB	4.413
7wkiB	4.323
7wkiB	4.783
7wkiB	4.405
7wkiB	5.883
7wkiB	4.492
7wkiB	4.15
7wkiB	4.692
7wkiB	3.221
7x7eA	2.09
7x7eA	1.283
7x7eA	2.985
7x7eA	3.33
7x7eA	4.553
7qbgE	1.75
7qbgE	3.607
7qbgE	2.695
7wd2D	1.617
7wd2D	3.932
7wd2D	5.135
7wd2D	4.29
7wd2D	2.606
7wd2D	2.816
7wd2D	2.781
7wd2D	4.287
7qneG	2.036
7qneG	2.053
7qneG	2.694
7qneG	0.85
7r24E	1.113
7r24E	5.351
7r24E	2.38
7r24C	2.996
7r24C	2.001
7r24C	4.216
7xqvB	9.663
7xqvB	9.477
7xqvB	4.077
7xqvB	6.175
7xqvB	7.045
7xqvB	5.0
7xqvB	6.327
7xqvB	9.024
7xqvB	5.43
7wpfU	7.292
7wpfU	5.288
7wpfU	3.484
7wpfU	2.795
7wpfU	10.438
7wpfU	5.884
7wpfU	2.847
7whiG	2.17
7whiG	2.764
7whiG	0.946
8bb7D	2.279
8bb7D	0.938
8bb7D	2.412
8bb7D	3.198
8bb7D	3.162
8en0D	3.643
8en0D	4.55
8en0D	4.09
8en0D	4.048
